"674552910.344367,900.013434875153,691.682528692886"
"674552921.245971,897.562895636466,689.371857125278"
"674552931.995415,896.693532502416,688.142863059787"
"674552943.318546,897.40708640939,687.773259579145"
"674552954.786641,896.795361053211,686.493352309783"
"674552965.337144,896.795441581296,685.937344812676"
"674552977.008292,896.885422573476,685.302330054167"
"674552988.187487,897.688713817696,683.993572573137"
"674552998.748786,898.487026243527,683.76356683807"
"674553010.266744,898.887475172417,683.702851167925"
"674553021.400188,898.90161643809,683.733888823835"
"674553032.065326,899.579289608795,683.77380864919"
"674553043.768345,899.73829164276,683.384284944304"
"674553054.682287,900.16546610875,683.442017732868"
"674553065.477482,900.364506412146,682.465722893663"
"674553076.861786,901.177854688297,681.766614296266"
"674553087.934571,901.177282746261,682.501950351246"
"674553098.560127,901.054104653212,682.50881709478"
"674553110.167531,900.356981301077,682.741960841024"
"674553121.662871,899.888971209405,683.184933709984"
"674553132.038081,899.79826739855,682.930763418393"
"674553143.712313,898.323362689084,683.660063563716"
"674553154.418062,897.505267862953,684.23848642796"
"674553165.468229,897.064284472217,684.830536956965"
"674553176.960999,896.739501025692,685.061465775269"
"674553187.821992,896.707032851155,685.087239334615"
"674553198.588914,888.640783639476,680.44318504742"
"674553210.134632,567.931524448115,469.830272569576"
"674553221.144188,401.984599821876,331.268749121221"
"674553231.753294,387.230911823577,317.124123037463"
"674553243.201341,379.810087168364,309.407944226096"
"674553254.640135,372.823227131388,302.273172616009"
"674553264.951602,370.375074165624,296.714685049459"
"674553276.659247,365.896155105011,286.588536401318"
"674553287.875968,357.86550444724,269.74081897293"
"674553298.703035,354.898770539513,267.688348359613"
"674553310.117668,357.079154736702,263.308729280604"
"674553322.243756,357.791662645583,263.657585452428"
"674553331.85919,356.904963334348,261.665292769951"
"674553343.379204,356.89935039119,263.829880623338"
"674553354.41909,356.957445254002,264.236982571711"
"674553365.049786,357.32105794565,263.744060617277"
"674553376.635087,358.066561261115,264.082004138685"
"674553387.801944,360.58402981871,257.825549011063"
"674553398.58583,377.028604506811,223.475534697236"
"674553409.77582,381.56842907119,212.548131986662"
"674553421.046517,384.434753697732,206.693310008981"
"674553431.807784,385.585955658215,203.940283500248"
"674553443.274851,387.941581932591,198.731660907229"
"674553454.361516,388.457005548417,196.78307997891"
"674553465.276486,392.398109543363,185.572598471289"
"674553476.570315,391.248546392124,184.922984419163"
"674553487.90527,391.129376914581,184.367263767838"
"674553498.369412,390.789736939144,184.123242050844"
"674553509.936206,390.611739160903,184.109726452372"
"674553521.2141,389.992847471048,184.132514513865"
"674553531.552298,390.847135772027,182.799979130789"
"674553543.221903,390.506400608187,183.127890990768"
"674553554.232487,390.373292180409,182.891697971376"
"674553564.990156,389.575047461899,181.42681395815"
"674553576.695745,389.375122246926,180.507554393287"
"674553587.655438,389.819180791219,178.563173470212"
"674553598.477878,389.850330088767,178.332820897977"
"674553609.88223,389.954809198439,178.486441964072"
"674553621.110774,389.598064312398,178.536701689325"
"674553631.607816,388.541927880413,179.792028033784"
"674553643.002915,387.84381222165,178.920091093428"
"674553654.237628,372.542543039967,179.473067553218"
"674553665.24667,363.450993256777,180.544530739959"
"674553676.286042,345.09160094063,182.647682266985"
"674553687.533093,332.960082256513,184.291699533137"
"674553698.201315,318.523464866402,186.09488440909"
"674553709.546551,300.637070140705,188.532088682972"
"674553720.759159,265.260870955433,198.396781297916"
"674553731.765117,223.058545281405,207.36723635162"
"674553743.006513,215.611201985456,210.124097460258"
"674553754.443251,215.789684627979,209.800348512286"
"674553764.912533,216.203655808743,207.623107885862"
"674553776.188371,217.932987802608,211.16012034951"
"674553787.33261,217.530414191942,210.712604772117"
"674553798.384833,217.454753595669,211.709364876475"
"674553809.79484,216.794540068006,214.868170416253"
"674553821.204847,216.301083161856,215.224203288465"
"674553831.69829,216.949546894972,215.035082945286"
"674553843.42547,221.237022805692,213.228106587922"
"674553854.447363,222.366391182936,212.938835217566"
"674553865.195265,222.597534977695,212.876322315891"
"674553876.535874,222.618081330061,213.171645143252"
"674553887.60506,222.309839356828,213.380796232048"
"674553897.821941,215.645055166117,201.661059048244"
"674553908.248557,216.806195457306,203.323814835427"
"674553997.357234,161.015629432203,516.729176348077"
"674554008.992397,164.151469536039,531.552969694169"
"674554020.329922,201.622770332979,460.98392782783"
"674554032.233937,222.262635826808,452.240201664444"
"674554042.638963,228.841398767489,449.683415281573"
"674554055.485244,239.98971732189,426.731987655082"
"674554064.920758,255.706563318399,402.196100424979"
"674554075.915921,249.503318074289,411.610910821555"
"674554087.453414,252.071699739948,410.269776675995"
"674554098.515918,252.336195056863,409.267055571832"
"674554109.618518,255.625050091213,408.611545325806"
"674554120.744252,276.617130230521,382.262450687258"
"674554131.13694,280.231814207833,378.439163924277"
"674554142.697565,286.083992967589,368.428836826258"
"674554153.849001,284.528129431569,364.272735733312"
"674554164.491007,284.27585484691,358.262121889225"
"674554175.525238,284.0663155845,357.864843632754"
"674554187.203582,285.054337928311,356.696445187105"
"674554198.177154,285.021739961742,356.925588304444"
"674554209.513651,285.005136663783,356.966348089572"
"674554220.695416,284.502291254551,357.383216984169"
"674554231.566177,285.215592128362,356.753964859518"
"674554242.770561,285.40121098868,355.895986518429"
"674554254.328102,285.432052014834,355.050856750004"
"674554264.723874,284.334977632977,354.186361793555"
"674554276.205335,284.464766552107,354.171666804468"
"674554287.693478,284.627445099706,353.971866979436"
"674554298.06509,285.086747237508,353.913923202279"
"674554309.706422,286.055623208051,354.049999892111"
"674554321.539498,287.059323524132,353.76135392419"
"674554331.637631,287.059304189954,353.380670698761"
"674554342.844585,287.328635293789,353.431115157182"
"674554353.996535,286.585794207389,353.364850414157"
"674554365.032823,285.857491436118,353.149880254571"
"674554376.199166,283.278589921347,353.36174055952"
"674554388.296981,282.840038491272,353.301463388271"
"674554398.266086,283.136191885227,353.684685338877"
"674554409.867836,284.157543553987,355.088431136128"
"674554420.571529,283.887787066737,354.874872796787"
"674554431.755864,285.264744904,356.111472618347"
"674554442.969501,405.438110138696,433.273597048296"
"674554454.110656,634.674068357589,567.654100518448"
"674554464.652935,939.472358233435,686.876514969774"
"674554476.262395,951.608194648178,691.361041903416"
"674554487.67086,958.828592456426,694.293904381207"
"674554497.913957,965.433922297775,697.265808713965"
"674554509.495145,970.014409671718,698.179476845951"
"674554520.621906,979.851604108466,699.969678339167"
"674554531.160586,992.06461262819,702.820811224515"
"674554542.628681,994.565617889563,703.158385512369"
"674554554.455074,997.059671565923,703.093563026024"
"674554564.308517,990.39385920332,703.372335967188"
"674554575.938025,988.688456834546,703.961681715014"
"674554587.080208,988.04993989258,704.113134351502"
"674554597.787499,988.169680590208,703.026293365989"
"674554609.646278,988.630474730629,702.175672197538"
"674554621.853586,988.527619011793,701.983409816853"
"674554630.863461,988.625839469187,702.292315279434"
"674554642.474464,988.373940306582,702.358373068129"
"674554653.634639,987.964861658519,701.392856109963"
"674554663.988773,987.29233967457,700.337397852038"
"674554676.561576,986.303111269239,698.547936810489"
"674554686.943469,986.686261919954,698.584915046372"
"674554697.583419,987.187523668773,698.888685286037"
"674554709.074646,988.477384912315,700.178559913586"
"674554720.811079,989.597191190076,701.674790959542"
"674554730.95445,989.276656559061,701.108449501445"
"674554743.071798,967.872424637686,695.699267501758"
"674554753.727684,886.933607907864,672.565285600989"
"674554764.538814,869.244270545666,666.158908134696"
"674554776.432034,861.295397751209,663.862052345928"
"674554788.482556,841.744712065644,656.380768626992"
"674554798.192062,831.840073040325,650.487665935912"
"674554809.17643,811.427376470238,636.921386827809"
"674554820.474372,769.883162324672,605.117177294343"
"674554831.211992,698.713829392323,551.153999932831"
"674554842.450304,472.848111192303,383.455906987686"
"674554853.727684,425.485182546056,348.619809884334"
"674554864.357866,405.535300490161,333.332254178252"
"674554875.713382,391.487727789994,322.793093111642"
"674554887.560338,332.309574162325,278.189298992474"
"674554897.527386,286.095808003557,244.029643592927"
"674554910.289877,276.308178866815,237.126398486482"
"674554920.739625,265.869693723163,230.818937958879"
"674554930.91898,266.372979659134,228.405393690787"
"674554942.408665,267.237200888104,229.049854002727"
"674554953.674222,267.834867033864,230.217243118955"
"674554964.185143,267.990839185149,229.901943744003"
"674554975.624451,268.178503209548,229.405418420831"
"674554988.091872,268.427097170512,229.201818679347"
"674554997.715531,268.815486411771,229.301047022435"
"674555008.784204,271.672027540385,228.307522306057"
"674555020.229681,271.916700116071,228.709897050598"
"674555031.185261,269.204790566044,224.664578488263"
"674555042.140327,267.682208564865,221.395101104383"
"674555054.187765,254.492004942665,203.057368002573"
"674555064.247344,253.918229004959,202.118040518089"
"674555075.619824,253.852782817692,202.294052708787"
"674555086.934216,253.395343642235,201.510815471912"
"674555097.476495,252.104705698626,199.581697890531"
"674555108.971835,251.765310916449,198.459577838865"
"674555119.970596,251.469595298971,199.347521719033"
"674555130.84804,252.045132868206,198.712582042674"
"674555142.075042,251.78537829425,198.942863559633"
"674555153.384808,251.653205947533,198.723156408868"
"674555164.087472,251.417433540114,199.375732148355"
"674555175.338121,250.931827306851,198.605213886972"
"674555186.755324,250.451599960416,199.374936326305"
"674555197.605523,251.075431240526,199.801204428137"
"674555208.75079,249.703760799918,200.313314865582"
"674555220.040508,247.993652029567,198.57456681335"
"674555230.70873,242.405689335223,202.585572444101"
"674555242.129018,222.6107013516,199.925030617333"
"674555253.697354,207.801801275528,198.169718799789"
"674555264.82977,194.464862823438,196.985922093403"
"674555275.647583,190.566282413312,196.906461520827"
"674555286.86379,184.805726219543,197.498896736064"
"674555297.65333,180.160457193208,197.575498879323"
"674555308.876734,174.686790851686,196.685774537278"
"674555319.989616,174.786105416545,195.639427035782"
"674555331.839141,174.514079238732,195.764731225585"
"674555342.233886,174.280502981018,196.396657116527"
"674555353.564214,174.270665919086,197.967532720642"
"674555363.915777,174.873626371149,198.407033742881"
"674555375.321671,174.598183522203,198.321387212461"
"674555386.568208,174.302131029904,198.466166373112"
"674555397.279611,172.970644946358,199.723252595181"
"674555408.75079,173.041044928534,200.146411904115"
"674555419.669359,173.340340589285,200.219496444402"
"674555430.724666,174.279545143753,200.814710970167"
"674555442.767477,174.464379422565,201.618340583771"
"674555453.646977,174.772031483982,201.76875256921"
"674555463.78058,174.653774031427,201.389884712954"
"674555475.950877,173.707126938847,199.897480696352"
"674555486.462312,173.457205760233,199.611973260325"
"674555497.45182,173.259616031338,200.114047750543"
"674555508.636156,173.207455349693,199.935644772967"
"674555519.960829,172.661350115284,199.605339411"
"674555530.860377,179.005361000066,192.660053052164"
"674555541.965548,182.171292497366,189.88502024621"
"674555553.137032,185.069123754945,190.684480793008"
"674555563.976436,186.053301565201,190.677638909662"
"674555575.104225,186.758420428409,190.744610185705"
"674555586.498296,191.17835762808,194.073153161571"
"674555597.258535,191.610098864234,194.060879275076"
"674555608.568814,192.04956526282,194.116430987581"
"674555619.632861,194.274553257536,194.683114835519"
"674555631.772828,194.374388330306,195.131442019503"
"674555643.020907,194.017939824091,194.236474836553"
"674555653.319008,194.450275644511,193.479421594711"
"674555663.760532,194.541946862043,193.35383722608"
"674555675.177221,195.306839096725,192.919624689932"
"674555686.456143,195.400957842152,192.993198761986"
"674555697.217924,195.165483175065,192.607224232085"
"674555708.591947,195.05588224774,192.947754626881"
"674555720.201408,195.377060992582,192.679721628349"
"674555730.442449,195.314574189963,192.466722033387"
"674555741.956295,195.286919011292,192.026556241661"
"674555752.990526,193.736085462156,191.611646621178"
"674555763.752307,193.676000048602,191.42292418902"
"674555775.072354,193.459679823184,191.2974404731"
"674555786.540963,194.125783585338,191.19768434657"
"674555797.020526,192.933079432102,190.816086763954"
"674555808.207432,190.788891633213,190.641455680476"
"674555819.821519,186.729392116747,189.807315994478"
"674555831.129743,185.509616911892,144.16041556018"
"674555841.760439,184.908427035032,135.348670859644"
"674555852.893369,184.911641442314,132.210217929503"
"674555864.061769,184.786879188054,130.725682721161"
"674555874.813269,184.675787766143,129.8632215099"
"674555886.535822,183.043926580164,121.252641127468"
"674555897.008189,182.711587062148,119.950595667958"
"674555908.267063,182.411583614011,118.508040843573"
"674555919.708941,182.697752940922,117.967332024097"
"674555930.217806,178.638362947533,114.127068173516"
"674555941.705949,177.274431189285,112.763165857693"
"674555953.723571,177.434220963801,112.919251983875"
"674555963.622251,177.476616147498,113.106488931417"
"674555974.848739,178.541449639706,114.827632144842"
"674555986.289589,178.52167715002,114.178456978264"
"674555996.936735,179.06046400792,114.704170176363"
"674556008.25524,179.508682000669,115.8613930654"
"674556019.634403,179.388005356963,117.483100586592"
"674556030.186448,179.786273875522,117.916606736316"
"674556041.717773,180.567807837919,117.605696232716"
"674556052.701112,180.6966656941,117.789037051076"
"674556063.384756,180.646505589519,117.856964529548"
"674556074.888321,180.497548244779,117.988333510786"
"674556085.997605,180.353684953481,118.899108312873"
"674556097.12488,180.303069861605,118.882924809599"
"674556108.219256,180.210462449515,119.184160549631"
"674556119.433407,180.225365017186,119.424278629264"
"674556130.022464,180.081352620409,119.603865015523"
"674556142.511476,178.85579574813,120.175224666109"
"674556152.833225,178.059752391982,120.160449711148"
"674556164.132195,178.104543519989,120.48584131493"
"674556174.910426,177.725446540273,121.462894257923"
"674556186.09836,177.718027177914,125.744417630235"
"674556196.554791,178.200504678003,128.551631889383"
"674556208.153456,181.093521213567,135.837694302614"
"674556219.955688,196.581861914302,177.291027737616"
"674556230.074898,197.102537126426,178.386015674785"
"674556242.025693,197.593540777897,179.676356964238"
"674556252.877948,199.961012606752,184.436008278532"
"674556264.471473,200.512192614056,185.359560357445"
"674556274.73359,202.771326043473,190.09610407965"
"674556286.061348,207.10021476484,187.798204134526"
"674556297.032864,206.161193758862,189.807218935488"
"674556308.082002,206.15585079206,188.699813556455"
"674556319.054547,206.199204763815,188.743740547134"
"674556329.832263,207.052802211253,191.097515708786"
"674556341.947556,208.115652556107,193.655956281187"
"674556353.025996,208.189439034469,193.690484808993"
"674556363.817592,207.386106343872,193.161640210582"
"674556374.729992,206.64059215208,192.842797114545"
"674556386.04901,205.154067122201,192.780626875768"
"674556396.534229,204.736353796694,193.041536103069"
"674556408.248557,204.598430382103,193.197917199076"
"674556419.263768,204.813827889657,189.764326659443"
"674556430.446561,208.559185925687,186.690776005437"
"674556441.349708,224.705757801786,186.046304244256"
"674556452.507827,239.076104334578,186.266987176736"
"674556463.653094,246.847802452482,186.822178222631"
"674556474.629237,253.243036339047,186.625693081957"
"674556485.686086,256.251980717632,186.739903470031"
"674556496.52549,259.271291186877,186.486197925487"
"674556507.912364,270.555684973898,185.449474984908"
"674556520.20295,269.515029020915,183.042608255072"
"674556529.828151,269.32997361738,182.19500745051"
"674556541.198061,268.197230437269,178.358927599444"
"674556552.728357,268.113706746511,178.179991706209"
"674556563.280917,267.797512176319,177.444914196036"
"674556574.593767,266.9727524837,176.427056564284"
"674556585.846986,266.00409958662,175.149273584667"
"674556596.283369,263.125663621943,174.287942292146"
"674556607.85993,262.970724204013,174.862737595351"
"674556618.97898,263.126540076238,174.775071316288"
"674556630.336039,263.708176112955,174.457208083687"
"674556641.034591,263.777839126632,174.236217228716"
"674556652.334589,263.718907224926,173.752530163348"
"674556663.080949,262.809676575363,173.521984869655"
"674556674.737702,263.780206625717,173.920596987842"
"674556685.598182,270.612130328612,176.697867072942"
"674556696.425763,300.306986521108,183.908137758713"
"674556708.09434,301.999331933078,184.373695922198"
"674556719.066884,304.353314821889,183.191030600235"
"674556729.528456,304.945375473994,183.155577675998"
"674556741.200117,306.63687942573,184.675193969985"
"674556752.357208,307.358483578199,185.564622657817"
"674556762.970426,308.072574908969,185.503948980373"
"674556774.51306,308.190778777519,186.169887202026"
"674556785.269186,308.238496316837,188.462862702963"
"674556796.244815,307.623021913217,189.97391735491"
"674556807.842452,306.783800263709,190.869362047142"
"674556818.637132,305.127711648797,191.374349631643"
"674556829.833805,305.592993351222,191.375714630749"
"674556840.885,307.843285792532,193.474786606727"
"674556850.816065,306.722058587064,196.491891699062"
"674556861.402039,299.206997987885,232.081634982011"
"674556962.430667,195.240361293191,202.628231248631"
"674556973.859693,183.042148462676,151.510034472215"
"674556985.257363,185.477297303257,156.5534954534"
"674556995.676268,186.487684638844,159.960642208079"
"674557007.322226,191.915063470425,180.558552696596"
"674557018.682369,190.469718726117,175.077328279652"
"674557029.271427,189.85323553742,172.019234958817"
"674557041.532198,189.868680723786,171.458751121153"
"674557051.903296,189.738559665053,175.206133502047"
"674557062.685125,189.206164904413,175.652258827943"
"674557074.1342,189.208509031067,179.205007196895"
"674557085.315965,188.567028171129,174.873361287517"
"674557096.20883,188.69827283698,174.232531939739"
"674557107.276475,188.687090279705,174.252240534675"
"674557118.519413,187.624698159339,178.535804972468"
"674557129.205628,187.597720710769,178.333793246314"
"674557140.676807,187.438914325821,178.654196886286"
"674557151.897641,186.67221586833,183.765626966377"
"674557162.572546,186.080279664878,182.476866107008"
"674557174.067886,182.092231878719,182.920726398907"
"674557185.106744,176.336773895872,181.530712260935"
"674557195.775995,165.535642055386,177.74226024161"
"674557207.165439,174.129045049999,180.552245802028"
"674557218.623253,168.742561725522,178.706349430448"
"674557229.038045,159.456611631165,175.530648110452"
"674557240.364261,158.750856807483,176.298588655018"
"674557251.614396,153.92516467336,175.97507174142"
"674557262.525767,155.188386948199,177.478209254839"
"674557273.964047,153.848084127175,178.729140145721"
"674557284.988511,154.337774496282,179.193315321359"
"674557295.679352,154.565068818296,179.544322223147"
"674557307.422982,155.769777817189,181.208657512837"
"674557318.357486,158.722986078664,185.956483915064"
"674557329.069403,159.147227101605,187.125622966041"
"674557340.513851,159.59814759192,187.309265991466"
"674557351.666315,159.314379902762,185.71141912983"
"674557362.273365,159.348302271519,185.622124632221"
"674557373.993348,159.486685189459,185.746175479217"
"674557384.888784,159.909394700682,186.224288703747"
"674557395.773938,161.319825907928,186.961445285116"
"674557407.10221,160.804217914862,187.864656855308"
"674557418.213035,160.513369610845,187.315810164661"
"674557429.113612,160.695191599883,186.892659828471"
"674557440.392534,160.410211013883,185.792150676142"
"674557451.566074,160.818379351337,184.980394488382"
"674557462.237381,160.988592799987,184.89629983386"
"674557473.676175,160.941979795598,183.849290646543"
"674557484.962294,159.876070525787,181.409650810121"
"674557495.680894,159.778332488036,180.701304130664"
"674557507.057487,160.121891192837,179.6754521314"
"674557518.227943,160.349309722273,179.600206000627"
"674557529.061692,197.203726518234,184.552468844353"
"674557540.22855,204.458077509251,185.381215706876"
"674557551.576355,213.490776792268,185.871352401856"
"674557562.283132,223.159787219601,184.396603309219"
"674557573.696737,225.428137440933,184.255129568512"
"674557585.218808,227.824415166739,184.839306194978"
"674557595.797585,232.685915839579,193.132516379041"
"674557607.077021,232.442861063976,190.208228265133"
"674557618.411461,233.68496865531,190.339775362488"
"674557629.009772,232.437767478295,188.141363915486"
"674557640.236261,229.150068318311,184.440079305082"
"674557651.630332,228.231447518552,183.592476402679"
"674557662.277478,228.843174438144,185.384274224411"
"674557673.670006,230.586241125219,188.720668960267"
"674557684.790599,233.315628660793,199.253940141648"
"674557695.552894,232.189157594142,198.635763021844"
"674557707.118146,231.495934912142,198.921222167211"
"674557718.667462,229.65435043922,193.669429048587"
"674557728.633483,230.669152843379,194.399958467973"
"674557740.291265,232.883729725352,195.54927038344"
"674557751.449384,234.745791027677,196.894298729822"
"674557762.203454,233.994617972521,195.849641492906"
"674557773.694167,232.4002960715,194.547329115051"
"674557784.948414,233.68417746865,194.405107387611"
"674557795.234693,233.891344511968,194.404618978693"
"674557807.037953,235.359525793111,194.231123870672"
"674557818.272666,252.525847600146,196.810746215485"
"674557828.797467,381.790420181216,205.944828320398"
"674557840.350895,385.99342403938,206.217639236879"
"674557851.339889,393.120475682312,206.281018218885"
"674557861.959276,406.603294694985,206.339833862688"
"674557873.386761,413.38902097828,206.34903067427"
"674557884.815274,423.75039209674,206.557663141287"
"674557895.372974,425.797061304209,204.975314708635"
"674557906.729005,425.865798082441,203.724644480649"
"674557918.191445,426.196578008577,202.81896069474"
"674557928.985098,424.200048249794,201.821873039501"
"674557940.148871,423.985942762558,200.65954736327"
"674557951.139921,423.819753922513,200.393892795117"
"674557962.196771,424.427146056373,200.545598003479"
"674557973.269556,424.586242306778,200.901757322779"
"674557984.525346,424.6376377321,200.570304642702"
"674557995.677296,424.614723889324,200.407785699219"
"674558006.702274,424.145424248514,199.613720694709"
"674558019.505375,422.589052234181,199.223757877914"
"674558028.804664,422.472806485199,198.9927896357"
"674558040.01316,422.047670879495,199.305330483266"
"674558052.694429,422.087937840186,199.464087755671"
"674558062.160787,421.702328012512,199.341586758087"
"674558073.8124,420.846245886587,197.173669401283"
"674558084.681619,421.200222515792,196.460468095624"
"674558095.999095,420.890977959389,196.698694005142"
"674558106.656009,419.274934088023,198.413444008264"
"674558118.584699,419.136379503078,198.189081578983"
"674558128.962993,418.800798235424,197.295604180093"
"674558140.21467,418.626760131577,196.019212420791"
"674558152.0863,418.457135090749,195.362435052108"
"674558162.021991,417.979434304483,195.026187863889"
"674558173.555886,417.950336653358,194.58165524322"
"674558184.534599,417.977552128383,194.042100249093"
"674558195.349841,418.004207462248,193.5040017255"
"674558206.700217,417.841262451833,192.854336246952"
"674558217.688697,417.217213434017,193.073096371692"
"674558228.417065,414.938172298337,194.428226516866"
"674558239.665143,406.828406608369,197.699265644624"
"674558251.101881,394.190007151796,200.026844919205"
"674558261.936658,386.804286377677,200.60966556098"
"674558273.308624,382.879216066515,200.710659703891"
"674558284.526888,378.788107719588,201.112701445955"
"674558295.113375,373.000758553397,201.491709820788"
"674558306.535205,363.308827508681,202.146299055943"
"674558317.560183,339.385178491764,203.797427107688"
"674558328.401643,338.899542685701,205.698963059533"
"674558339.732999,339.177046201352,206.624540071388"
"674558350.765174,339.36043563374,206.085562436394"
"674558361.618457,339.802505715346,205.700599242447"
"674558372.944158,340.378182489934,205.139987842083"
"674558384.346454,342.001810729033,204.027517260604"
"674558395.006451,342.65420175726,203.624410417237"
"674558406.474033,342.996176780762,203.483859045616"
"674558417.63575,344.063616415274,203.040690862026"
"674558428.368229,344.344355888092,202.794806617733"
"674558439.716549,344.004707472902,202.15136296965"
"674558451.608741,343.926358698067,202.251866607295"
"674558461.528497,344.289481970661,203.97413126499"
"674558473.322504,344.51068746544,204.495448507226"
"674558484.192237,344.640633950672,204.665087503041"
"674558495.13805,345.203126651053,205.726926977334"
"674558506.323414,345.394105886668,206.359084790155"
"674558517.824409,346.081331580564,209.079303474583"
"674558528.184711,346.034713812488,209.189680564653"
"674558539.707296,346.11200174733,209.685938406209"
"674558551.055616,345.448693007234,209.587709512885"
"674558561.396384,345.23644024649,209.776297183375"
"674558572.836206,344.694097834286,210.501314310193"
"674558584.250839,344.281363487561,211.562589430227"
"674558594.768443,343.107445368914,212.568667022202"
"674558606.144008,342.968717797644,213.428343249675"
"674558617.433725,343.127115352737,212.766191888107"
"674558628.031008,339.437794863685,213.056148138317"
"674558639.416854,330.578694578002,213.462791759403"
"674558650.770828,324.810214785325,210.782238793065"
"674558661.422601,323.631615291852,210.238411412144"
"674558672.936447,319.252118061512,210.226107749408"
"674558684.028767,317.500411653384,209.864403846266"
"674558694.680025,316.605317614828,209.715614490371"
"674558706.203639,316.563950873861,208.81463995537"
"674558717.503123,314.562539855875,208.060060352452"
"674558728.149755,313.630140229497,206.650557404923"
"674558739.329464,313.296962748543,204.841313030812"
"674558750.69372,312.911953057098,203.915656247287"
"674558761.479661,311.400105222761,201.430113550835"
"674558772.813074,311.549940703587,200.839037358085"
"674558783.731128,311.028727415334,200.23863323763"
"674558794.584925,310.973015367836,200.176783665431"
"674558805.91114,311.125950697432,201.397385125827"
"674558817.627011,313.28039566285,202.588771237993"
"674558827.830526,324.962313594171,207.370097043557"
"674558839.280115,387.714039912324,199.548626361119"
"674558850.534876,394.495178468127,198.300898239049"
"674558861.335725,399.770024851045,196.987785467829"
"674558872.663483,403.836549185179,195.961831640768"
"674558884.080686,411.497471286171,194.517514291525"
"674558894.590065,415.242584037102,194.019959790612"
"674558906.313647,456.345811095925,185.576800857716"
"674558917.116552,454.8503382927,183.98743053582"
"674558927.950301,455.117670301388,183.213638911054"
"674558939.244645,453.112779997548,184.510576972976"
"674558950.530764,452.834238645613,184.783281957125"
"674558961.01187,451.368902548268,186.798549079739"
"674558972.547306,451.221665967561,186.881975817616"
"674558983.917216,450.793534850854,186.390293392498"
"674558994.627077,450.498523484746,186.006800736118"
"674559005.817582,449.92895245997,186.51605280128"
"674559017.25946,449.848705377111,186.703835982091"
"674559027.754959,449.924112370543,186.749464998993"
"674559039.300163,450.140950223835,185.898165167165"
"674559050.449543,449.957422099247,184.212000109399"
"674559061.5213,448.811853587235,183.910361091753"
"674559073.028977,447.639020990004,185.046385290536"
"674559083.636541,448.416160173376,184.367608805856"
"674559094.534547,440.989781825162,186.915154961478"
"674559105.878241,424.640217358683,188.652962293891"
"674559117.013741,413.311801542863,189.987539667385"
"674559127.606911,398.121699140707,194.935944022099"
"674559139.2174,388.815014886145,197.155440552622"
"674559150.405848,384.709352383368,197.985571909576"
"674559161.307452,376.709664912906,198.070070433887"
"674559172.72517,374.779506626011,198.009089545475"
"674559183.702341,375.542229985987,198.656696881467"
"674559194.392668,376.370165813553,198.529839871852"
"674559205.903943,377.120478994925,198.992467913397"
"674559217.134544,377.596418777528,199.08267636844"
"674559227.765755,377.542811874676,198.248604432416"
"674559239.130524,377.166227061136,197.87391546506"
"674559250.539503,376.539274676082,197.578348708042"
"674559261.070472,376.387430565514,197.471435477199"
"674559272.65166,376.543118018224,197.512979794069"
"674559283.708509,377.566272551481,197.714746593699"
"674559294.575672,377.001410821395,197.642891916056"
"674559305.716827,376.032384198399,197.357216009811"
"674559316.891395,377.585449795485,193.732396774434"
"674559327.595602,376.998648173204,193.346297253651"
"674559339.133095,376.487287637336,192.244634555623"
"674559350.162185,377.072751712868,194.54972283991"
"674559361.021637,378.183608864755,196.525184162995"
"674559372.262005,378.674337243083,198.037853305028"
"674559383.524991,378.674752597607,200.031813487969"
"674559393.76706,379.348860070552,202.096825805025"
"674559404.3957,379.920461625327,204.73694773374"
"674559471.625088,379.188505398227,247.532100890877"
"674559482.977006,345.53568900976,481.097030660386"
"674559493.876554,363.552357830077,418.406140531399"
"674559506.168683,390.361927007772,323.796193958071"
"674559516.89448,401.245545096773,290.4029653274"
"674559527.629015,413.886048141851,277.376655403499"
"674559539.185014,420.87877352587,267.946237886685"
"674559550.209992,421.09670788739,269.39382135267"
"674559560.788255,420.46668446662,269.498485545696"
"674559572.179241,427.813512205669,255.027588273239"
"674559583.567144,442.25509499023,222.944667130199"
"674559594.259013,443.893799585277,217.257785212323"
"674559605.547702,445.484090543486,200.542595407254"
"674559616.853355,447.45014202762,198.892225296326"
"674559627.593032,447.268698018038,198.534681457351"
"674559638.974765,447.19612760285,195.699404998949"
"674559650.220788,445.757352473761,191.98875306032"
"674559660.982568,444.846099921411,190.530950957105"
"674559672.151482,442.186482943429,183.881500901546"
"674559683.42475,441.737091597382,182.386956796618"
"674559694.026145,441.192913022795,180.069137110986"
"674559705.508634,441.095981963076,181.36942872795"
"674559716.716616,441.539515356072,181.663738112113"
"674559727.258381,441.483482152501,181.572868056692"
"674559739.093512,442.782725102475,181.940116852352"
"674559750.023904,444.150872706377,181.84664652652"
"674559760.946584,444.82973079086,181.46109448885"
"674559772.221908,444.810448696019,181.511077012912"
"674559783.353296,445.016699891137,182.162012004447"
"674559794.037968,445.358270915294,182.125753127415"
"674559805.563124,445.076180645647,182.834299187187"
"674559816.683202,444.530628311067,183.506392453183"
"674559827.229079,448.206173749921,182.91624392167"
"674559838.693576,462.888465598017,183.104856838529"
"674559849.817253,470.341581694436,183.649641872519"
"674559860.563098,477.911454883687,181.930789219567"
"674559871.931466,481.004664249334,181.741981365626"
"674559883.12197,481.642386297906,181.594384568489"
"674559894.260555,482.631382729334,181.491661177119"
"674559905.31689,483.410017050173,181.198357327588"
"674559916.489403,482.315258632553,181.213591910304"
"674559927.132437,481.707138531954,182.534450579751"
"674559938.790219,481.691418558157,182.528245414462"
"674559949.816739,478.985356493498,183.680973171314"
"674559960.611933,476.6343314789,183.927815821365"
"674559971.901137,475.697892890615,183.64464729578"
"674559983.325023,475.743340727534,181.259590070828"
"674559993.826177,475.885211168398,180.92397790807"
"674560005.389372,476.29247109007,182.069945802238"
"674560016.42566,476.35220720056,183.074892467035"
"674560027.424935,476.226875961635,182.981336924627"
"674560038.545527,476.323685146808,185.132925611184"
"674560049.691309,476.280273941895,184.436914367035"
"674560060.510664,475.479907775423,184.825703631885"
"674560071.924269,475.18323446471,185.602372992063"
"674560083.413955,475.308440824871,187.355956869995"
"674560093.757293,476.113877111674,188.175919403031"
"674560105.11024,476.85682790978,188.931675121559"
"674560116.352664,477.200507112288,189.626791730499"
"674560127.12524,477.222274225494,189.774061387466"
"674560138.500291,477.418508336205,189.946783472552"
"674560150.00437,476.613615671008,189.934090077654"
"674560160.4937,477.09547271305,190.610099753741"
"674560171.908847,475.354552485995,190.328575117687"
"674560183.343529,475.957539254381,188.978655861553"
"674560193.879639,475.799844462335,187.39267727256"
"674560205.036215,474.846136209551,186.477287425878"
"674560216.388134,472.830882842295,186.189689406628"
"674560227.137063,472.528078526565,186.159648143675"
"674560238.545527,472.543421463161,186.095722668687"
"674560249.564851,473.268232667001,185.960042896505"
"674560260.23513,472.849139721521,186.353640673486"
"674560271.754116,471.803214713065,186.961522922154"
"674560283.117344,471.694641292096,187.07149895287"
"674560293.639574,472.159535276916,187.048432138113"
"674560304.835733,473.041884585545,187.182724865074"
"674560316.352664,473.57047216704,186.829047835612"
"674560327.109818,474.844482404947,185.962903620672"
"674560338.18723,475.896288504585,186.657808374076"
"674560349.773044,475.954140271173,187.195304650449"
"674560360.402198,476.146646148318,187.927346408521"
"674560371.642052,476.643656634066,189.726231212756"
"674560382.880878,476.149814874883,192.498698076774"
"674560393.630321,476.118080911006,193.159838238529"
"674560405.374465,475.907632867591,194.020386089806"
"674560416.249338,476.460846454949,193.866572616095"
"674560426.893914,476.365654664357,194.243699470007"
"674560438.414957,476.700831288355,193.96079405448"
"674560449.747855,476.078005277676,194.848493701246"
"674560460.040816,473.730667037279,197.298644028886"
"674560471.887257,473.605463318711,197.446467946928"
"674560482.901954,473.39575120476,198.290822276197"
"674560493.427783,474.122863265813,199.669255929318"
"674560505.020794,473.20341106106,200.301045119839"
"674560516.724327,469.055437359681,200.627983448974"
"674560526.809095,437.678389386585,192.098223494164"
"674560538.273591,437.069907391712,191.896790790225"
"674560549.455871,435.340461022643,191.300326386184"
"674560560.447949,432.154059867109,190.822389880184"
"674560571.487321,429.527795596223,190.72881510206"
"674560582.788862,424.612876784591,190.454309102993"
"674560593.343477,422.393544346814,190.230351922604"
"674560604.7175,424.02551829725,191.570274911234"
"674560615.96198,424.441721985046,192.549780901311"
"674560626.955087,422.20824328514,191.239000617524"
"674560637.942539,422.202248224921,191.672652877459"
"674560649.37722,424.046696168032,193.189455922176"
"674560659.906133,419.330485841712,193.565432767538"
"674560671.437971,410.558659519768,192.290928574524"
"674560682.621279,397.918444195128,195.033475994916"
"674560693.831831,329.808770164876,203.258155943964"
"674560704.894336,253.809775110372,207.057407235411"
"674560716.228776,228.574415629983,209.273323266194"
"674560726.47393,216.150857897572,210.513174398537"
"674560737.907069,207.907063118601,211.290383795471"
"674560749.338666,178.331323178159,213.773421149659"
"674560759.822856,163.752343531125,214.094147162689"
"674560771.538213,156.825283351048,214.277076984335"
"674560782.75699,154.145865599653,210.114897382403"
"674560793.424698,157.826481218457,213.9915073102"
"674560805.121549,157.293312407178,212.993977718759"
"674560815.97843,157.253502921041,212.827999217026"
"674560826.898027,157.120040814916,212.494618999074"
"674560839.287312,155.297906600326,213.17793517753"
"674560849.291887,154.68599270628,213.298198337879"
"674560860.129234,154.589847342139,212.858531559581"
"674560871.853329,154.36634561036,211.424774206207"
"674560882.845408,154.247814016518,210.473429210034"
"674560893.528024,153.472051689898,207.324100693701"
"674560904.693339,151.336971606091,203.622362291288"
"674560915.97329,151.765994140045,202.507435788265"
"674560927.424421,151.992720802386,201.478153079304"
"674560938.017591,152.956140369772,199.15872378069"
"674560949.429654,153.496710697566,198.367968531696"
"674560960.157507,155.25805832822,195.363053462042"
"674560971.37063,156.508602550389,192.161174016209"
"674560982.713809,156.397208038613,193.608861099231"
"674560993.368152,157.131580380137,193.035458048184"
"674561006.075638,168.995898434865,191.251865591961"
"674561016.584503,222.145254087095,188.041206919208"
"674561026.647681,224.570906276788,187.710286860892"
"674561038.180033,226.934293150318,187.370227207108"
"674561049.84604,233.872028483736,188.347318045487"
"674561060.012029,235.902474684094,188.409066648304"
"674561071.38965,238.01373048075,188.539016232888"
"674561082.639785,237.581160764476,186.459486138988"
"674561093.265341,237.906478918422,187.115302201911"
"674561104.585387,234.535812227947,184.651636440296"
"674561116.38762,234.579801561264,182.925347694246"
"674561126.900597,234.409188398875,182.696833234295"
"674561138.463792,233.967305935166,182.54794243493"
"674561149.428112,233.398735374148,182.716631807847"
"674561160.040302,232.994424253447,181.777408231433"
"674561171.059626,232.820350854099,180.656168861291"
"674561182.700958,232.459768225297,180.234890030961"
"674561193.095702,231.859417302413,179.900635079683"
"674561204.433741,232.255369884509,179.34264093259"
"674561215.982029,232.448339740955,179.52502338371"
"674561226.505287,229.264074735481,182.599513060313"
"674561238.18723,229.574175977293,183.122152670372"
"674561249.430682,230.828408122683,184.911116909098"
"674561259.854213,230.540014259072,184.430719334691"
"674561271.261136,230.48989378243,184.843205795538"
"674561282.660347,230.52681544501,184.750198409029"
"674561293.476618,230.869036314628,184.243927444602"
"674561304.421917,230.806038845219,184.026391744797"
"674561316.028294,231.05938795417,184.950136638679"
"674561326.351584,231.189013566689,184.489442897112"
"674561338.360467,237.578394156481,185.599898892751"
"674561349.48877,267.585019483452,191.436793375315"
"674561359.537555,294.923920474486,199.355098767377"
"674561372.071289,300.966068887576,201.191141324484"
"674561383.096267,305.573804025862,202.806257989346"
"674561393.292586,309.598034310391,204.347624296164"
"674561404.346865,313.581595679796,208.099764442145"
"674561416.078671,314.831678828126,209.680547232279"
"674561426.403504,315.80406150524,211.018335655645"
"674561437.845896,317.300095628985,209.732429975896"
"674561449.212208,316.158549318476,211.108240507414"
"674561459.69537,315.933148694404,210.833375597772"
"674561471.074533,315.655883918411,210.73368473197"
"674561483.103978,316.774946703577,210.687591290136"
"674561493.083879,316.683881509453,211.708473034074"
"674561504.08264,317.837895553101,213.227869179184"
"674561513.905753,317.427267121734,215.208218319545"
"674561570.379014,291.807254836853,255.16009882808"
"674561581.227671,216.162945081548,315.768057666482"
"674561592.920409,200.393682715578,337.374119913567"
"674561603.835893,178.145546315632,381.473027468985"
"674561615.629386,208.70429316032,363.88884742104"
"674561626.349014,262.143204323657,309.238146056572"
"674561637.324642,264.361251126478,301.992933586591"
"674561648.77783,269.83790679709,287.010653490831"
"674561659.595643,279.807017481712,260.548845176828"
"674561671.2781,287.315473063671,240.01588272969"
"674561682.905038,292.004200922703,230.566141084459"
"674561693.212393,297.783244010428,211.845702810777"
"674561704.391074,298.33386005805,208.881045231415"
"674561715.108132,299.231962392078,207.392102023854"
"674561726.152644,293.000725781809,203.604139677358"
"674561737.490169,292.734708990199,203.815994659041"
"674561748.572721,292.032512359659,203.56460383243"
